"Reference","Value","Footprint","QUANTITY"
"D1-D4","BAT85","Diode_THT:D_DO-35_SOD27_P7.62mm_Horizontal","4"
"J1","Module A","Connector_Phoenix_MSTB:PhoenixContact_MSTB_2,5_5-GF-5,08_1x05_P5.08mm_Horizontal_ThreadedFlange","1"
"J2","Module B","Connector_Phoenix_MSTB:PhoenixContact_MSTB_2,5_5-GF-5,08_1x05_P5.08mm_Horizontal_ThreadedFlange","1"
"J3","Module C","Connector_Phoenix_MSTB:PhoenixContact_MSTB_2,5_5-GF-5,08_1x05_P5.08mm_Horizontal_ThreadedFlange","1"
"J4","Module D","Connector_Phoenix_MSTB:PhoenixContact_MSTB_2,5_5-GF-5,08_1x05_P5.08mm_Horizontal_ThreadedFlange","1"
"R1-R4","1k","Resistor_THT:R_Axial_DIN0207_L6.3mm_D2.5mm_P10.16mm_Horizontal","4"
"R5-R8","1M","Resistor_THT:R_Axial_DIN0207_L6.3mm_D2.5mm_P7.62mm_Horizontal","4"
"U1","Teensy 4.1","bumpem-carrier:Teensy41_Socket","1"
"U2","MCP4728 (Adafruit 4470)","bumpem-carrier:Adafruit_MCP4728_Socket","1"
